,600,601,602,603,604,605,606,607,608,609,610,611,612,613,614,615,616,617,618,619,620,621,673,,,
Question,% Correct,% Correct,% Correct,% Correct,% Correct,% Correct,% Correct,% Correct,% Correct,% Correct,% Correct,% Correct,% Correct,% Correct,% Correct,% Correct,% Correct,% Correct,% Correct,% Correct,% Correct,% Correct,% Correct,Per Question Average,Skills,
1,86,82,88,88,96,57,57,61,73,56,57,87,69,82,67,86.2,78,77,60.9,86.7,77.8,85,43,73.9,Question and Problem,
2,70,60,68,69,52,38,17,44,41,40,25,35,42,30,42,58.6,50,39,39.1,56.7,55.6,60,30,46.2,Analyze and Interpret Data/ Cause and Effect,
3,30,39,44,46,40,14,30,26,36,43,35,22,15,26,21,27.6,21,23,17.4,23.3,37,45,39,30.4,Construct an Explanations and Design Solutions/ Cause and Effect,
4,56,46,48,65,60,19,26,22,55,18,19,22,42,37,28,24.1,46,46,30.4,30,40.7,40,45,37.6,Plan and Carry Out Investigations,
5,56,67,44,57,60,43,48,44,36,25,30,35,39,41,46,44.8,39,31,8.7,36.7,44.4,50,41,42.0,Plan and Carry Out Investigations,
6,80,78,80,76,60,29,48,48,32,37,30,70,54,63,42,62.1,67,35,65.2,63.3,66.7,50,42,55.6,Analyze and Interpret Data,
7,40,50,40,46,68,62,35,61,55,56,31,52,42,44,75,51.7,46,39,56.5,53.3,55.6,65,35,50.4,Analyze and Interpret Data,
8,70,57,60,80,72,62,57,57,59,37,40,87,73,78,29,75.9,67,42,56.5,76.7,70.4,95,35,62.5,Developing and Using Models/ System and System Models,
9,10,17,8,7,12,14,26,22,14,18,12,9,11,11,67,0,3,12,21.7,6.7,11.1,20,10,14.9,Developing and Using Models,
10,40,46,44,57,52,38,17,26,55,18,25,30,31,30,33,34.5,14,31,39.1,26.7,33.3,50,33,34.9,Analyze and Interpret Data,
11,40,17,28,26,28,29,13,39,27,43,43,17,46,48,38,27.6,21,15,17.4,30,29.6,15,15,28.4,Developing and Using Models,
12,36,64,48,46,64,19,44,26,46,0,0,52,61,67,42,31,46,31,26.1,40,70.4,75,12,41.2,Developing and Using Models,
13,26,46,36,26,12,10,9,17,36,25,25,17,12,11,63,20.7,10,19,26.1,16.7,25.9,10,20,22.6,Analyze and Interpret Data,
14,80,85,60,65,76,52,48,48,68,18,37,57,62,67,58,55.2,46,58,34.8,73.3,51.9,75,37,57.1,Construct an Explanations and Design Solutions,
15,46,50,48,61,44,24,39,30,41,31,37,35,42,44,54,31,42,19,30.4,33.3,37,50,40,39.5,Developing and Using Models/ Patterns,
16,30,32,52,61,42,24,39,52,68,12,50,39,35,63,54,44.8,50,39,21.7,50,55.6,55,50,44.3,Plan and Carry Out Investigations,
17,26,21,4,30,32,24,26,35,23,37,31,30,35,26,63,31,10,31,26.1,16.7,22.2,35,30,28.0,Developing and Using Models/ Cause and Effect,
18,90,75,64,80,60,57,44,61,64,18,31,74,73,63,54,51.7,46,50,34.8,63.3,55.6,65,34.8,56.9,Developing and Using Models,
19,66,67,96,76,96,57,52,61,82,50,50,83,77,85,42,75.9,75,54,39.1,86.7,85.2,95,50,69.6,Analyze and Interpret Data,
20,20,39,28,38,40,29,52,44,23,12,18,17,15,30,50,31,28,35,47.8,40,25.9,10,16,29.9,Developing and Using Models,
21,33,35,60,34,48,33,35,35,36,18,25,44,31,52,46,37.9,21,23,8.7,33.3,25.9,45,20,33.9,Developing and Using Models,
22,50,60,60,73,64,48,39,35,46,12,12,48,58,59,67,51.7,50,35,17.4,66.7,40.7,70,48,48.3,Analyze and Interpret Data,
23,23,10,28,11,20,38,9,35,18,21,31,22,31,19,17,20.7,28,39,26.1,26.7,33.3,15,17,23.4,Developing and Using Models,
24,20,21,8,46,28,5,26,17,18,18,25,13,19,19,50,10.3,35,12,26.1,23.3,25.9,30,12,22.1,Construct an Explanations and Design Solutions,
25,73,64,84,84,76,29,65,65,91,43,54,74,62,82,67,79.3,67,46,73.9,70,70.4,85,41,67.2,Construct an Explanations and Design Solutions,
Class Average,47.9,49.1,49.1,53.9,52.1,34.2,36.0,40.4,45.7,28.2,30.9,42.8,43.1,47.1,48.6,42.6,40.2,35.2,34.1,45.2,45.9,51.6,31.8,42.9,,
,,,,,,,,,,,,,,,,,,,,,,Class has 6 students,,Grade Average,,


,600,601,602,603,604,605,606,607,608,609,610,611,612,613,614,615,616,617,618,619,620,621,673,,,
Question,% Correct,% Correct,% Correct,% Correct,% Correct,% Correct,% Correct,% Correct,% Correct,% Correct,% Correct,% Correct,% Correct,% Correct,% Correct,% Correct,% Correct,% Correct,% Correct,% Correct,% Correct,% Correct,% Correct,Per Question Average,Skills,
1,97,80,82,100,89,53,83,74,84,57,56,88,88,88,82,82,78,69,71,82,73,95,45,78.9,Question and Problem,
2,56,69,67,74,63,58,31,41,64,35,30,69,44,50,59,79,56,50,59,57,50,45,35,55.3,Analyze and Interpret Data/ Cause and Effect,
3,52,38,45,70,56,11,13,41,32,40,40,44,20,38,27,54,37,12,26,29,27,55,25,35.8,Construct an Explanations and Design Solutions/ Cause and Effect,
4,52,42,49,62,48,32,35,37,32,32,30,38,52,50,41,29,23,35,37,64,50,50,30,41.4,Plan and Carry Out Investigations,
5,66,76,49,74,59,48,22,19,56,25,30,25,44,42,59,50,34,35,56,43,46,55,24,45.6,Plan and Carry Out Investigations,
6,59,63,67,93,71,48,52,52,60,37,35,81,84,54,68,68,60,46,63,71,73,75,20,62.1,Analyze and Interpret Data,
7,45,42,37,39,52,53,74,63,52,35,40,63,56,46,36,61,49,31,52,57,39,50,30,48.7,Analyze and Interpret Data,
8,69,76,89,70,89,53,65,52,64,25,35,75,88,83,73,93,82,50,67,82,81,85,25,69.6,Developing and Using Models/ System and System Models,
9,14,11,8,8,22,16,13,19,16,15,13,56,12,17,14,21,12,15,22,18,19,15,10,17.2,Developing and Using Models,
10,42,42,49,39,52,37,30,23,36,24,25,63,56,46,59,29,41,27,56,43,39,55,20,40.9,Analyze and Interpret Data,
11,35,38,41,24,30,42,22,37,36,26,24,19,20,46,46,29,26,19,11,32,42,15,15,30.7,Developing and Using Models,
12,69,63,56,70,78,42,44,34,64,27,28,75,60,58,64,68,67,46,41,61,62,70,15,56.0,Developing and Using Models,
13,42,45,26,27,26,16,39,30,32,37,39,19,28,17,9,29,30,35,52,25,23,15,20,29.8,Analyze and Interpret Data,
14,80,83,93,97,63,58,57,56,48,40,45,75,72,75,82,54,78,69,56,75,69,75,30,67.9,Construct an Explanations and Design Solutions,
15,59,80,67,81,52,58,39,41,52,20,35,63,32,54,50,36,41,12,26,54,50,45,25,47.7,Developing and Using Models/ Patterns,
16,45,49,82,50,56,48,44,59,68,30,35,44,56,54,55,61,34,39,67,71,50,50,45,52.2,Plan and Carry Out Investigations,
17,35,21,12,12,26,27,18,19,40,25,36,13,12,42,36,21,15,27,15,14,31,20,20,23.7,Developing and Using Models/ Cause and Effect,
18,80,63,71,97,67,58,44,67,60,20,25,75,64,75,50,68,63,54,41,64,62,90,20,60.4,Developing and Using Models,
19,90,90,93,85,89,42,57,60,92,50,52,88,92,79,86,79,86,50,85,86,89,90,50,77.1,Analyze and Interpret Data,
20,42,45,23,43,26,37,44,48,44,15,12,44,32,29,46,39,15,42,44,36,15,30,20,34.3,Developing and Using Models,
21,38,38,37,47,37,48,13,41,40,20,20,44,28,42,46,18,37,35,41,39,58,30,25,36.5,Developing and Using Models,
22,73,69,86,89,74,37,48,48,56,21,18,75,60,71,77,71,56,42,44,64,58,65,30,58.9,Analyze and Interpret Data,
23,18,35,26,20,19,53,44,15,32,20,22,13,20,21,27,29,23,19,30,18,23,20,15,25.1,Developing and Using Models,
24,21,25,34,54,30,42,26,19,16,43,32,44,44,33,27,36,15,15,26,25,23,30,10,30.0,Construct an Explanations and Design Solutions,
25,94,83,97,97,82,53,48,82,76,40,44,88,72,75,82,86,86,50,89,79,77,75,25,75.2,Construct an Explanations and Design Solutions,
Class Average,54.9,54.6,55.4,60.9,54.2,42.8,40.2,43.1,50.1,30.4,32.0,55.2,49.4,51.4,52.0,51.6,45.8,37.0,47.1,51.6,49.2,52.0,25.2,47.3,,
,,,,,,,,,,,,,,,,,,,,,,,,Grade Average,,


,600,601,602,603,604,605,606,607,608,609,610,611,612,613,614,615,616,617,618,619,620,621,673,,,
Question,% Correct,% Correct,% Correct,% Correct,% Correct,% Correct,% Correct,% Correct,% Correct,% Correct,% Correct,% Correct,% Correct,% Correct,% Correct,% Correct,% Correct,% Correct,% Correct,% Correct,% Correct,% Correct,% Correct,Per Question Average,Skills,
1,100,97,100,97,97,63,81,76,96,50,45,82.1,89.3,86.7,78.6,93,93,72.4,84,90,76,100,20,81.2,Question and Problem,
2,76,86,73,70,78,60,47,64,55,20,25,60.7,60.7,66.7,53.6,50,68,58.6,64,76,80,80,24,60.7,Analyze and Interpret Data/ Cause and Effect,
3,45,79,66,70,49,30,31,60,59,35,30,46.4,39.3,53.3,46.4,50,43,17.2,28,31,44,60,25,45.1,Construct an Explanations and Design Solutions/ Cause and Effect,
4,69,54,52,74,63,41,50,48,63,41,45,60.7,64.3,50,64.3,57,43,41.4,52,83,92,65,30,56.6,Plan and Carry Out Investigations,
5,80,79,69,70,67,49,39,28,55,30,30,64.3,71.4,53.3,67.9,57,61,62.1,52,62,80,60,32,57.3,Plan and Carry Out Investigations,
6,90,93,83,90,86,67,70,68,67,25,20,71.4,64.3,83.3,75,71,86,69,60,79,88,75,15,69.4,Analyze and Interpret Data,
7,52,72,56,80,60,82,62,76,46,45,55,57.1,42.9,53.3,67.9,71,36,62.1,60,69,68,60,20,58.8,Analyze and Interpret Data,
8,94,90,90,90,97,78,66,64,96,50,62,89.3,96.4,93.3,89.3,93,93,93.1,88,90,100,95,10,82.9,Developing and Using Models/ System and System Models,
9,76,90,69,77,52,15,16,44,50,45,40,25,17.9,76.7,46.4,54,47,24.1,52,52,48,65,24,48.1,Developing and Using Models,
10,69,65,73,80,56,45,43,48,38,34,35,50,57.1,76.7,60.7,43,61,34.5,60,55,64,80,35,54.9,Analyze and Interpret Data,
11,90,79,87,80,23,37,31,48,38,38,40,67.9,64.3,63.3,57.1,36,83,27.6,20,45,52,5,4,48.5,Developing and Using Models,
12,73,97,90,87,83,41,58,60,71,45,40,60.7,53.6,80,64.3,75,75,44.8,60,76,80,75,10,65.2,Developing and Using Models,
13,45,43,66,44,37,34,16,40,42,42,35,42.9,32.1,30,21.4,29,29,24.1,44,38,56,30,25,36.8,Analyze and Interpret Data,
14,83,83,97,97,82,60,70,68,67,32,30,82.1,75,86.7,85.7,75,75,58.6,80,72,84,90,45,73.0,Construct an Explanations and Design Solutions,
15,80,75,66,77,60,37,47,68,50,10,25,46.4,32.1,53.3,57.1,39,50,37.9,52,55,52,70,20,50.4,Developing and Using Models/ Patterns,
16,56,72,66,50,75,52,47,80,84,24,15,53.6,35.7,76.7,67.9,64,54,44.8,40,66,72,65,15,55.5,Plan and Carry Out Investigations,
17,21,11,11,30,37,34,58,32,42,22,10,50,42.9,43.3,57.1,32,25,31,40,38,32,30,30,33.0,Developing and Using Models/ Cause and Effect,
18,90,75,69,94,71,60,70,80,88,11,10,82.1,64.3,76.7,71.4,61,65,72.4,64,72,68,95,25,66.7,Developing and Using Models,
19,97,100,97,97,93,75,54,64,92,32,15,82.1,85.7,90,100,93,90,75.9,68,79,96,100,84,80.9,Analyze and Interpret Data,
20,56,33,31,54,37,45,47,60,55,26,20,50,42.9,36.7,57.1,43,33,31,52,59,32,30,30,41.8,Developing and Using Models,
21,35,54,38,47,49,49,43,56,50,24,24,50,53.6,43.3,53.6,43,40,58.6,40,69,60,65,40,47.2,Developing and Using Models,
22,94,79,73,67,60,45,58,64,71,26,26,64.3,57.1,63.3,71.4,64,72,41.4,52,66,72,85,42,61.5,Analyze and Interpret Data,
23,52,75,28,57,30,34,35,52,50,30,18,21.4,25,26.7,53.6,25,36,37.9,16,45,32,15,10,35.0,Developing and Using Models,
24,63,61,59,70,41,47,39,44,46,34,30,28.6,35.7,30,39.3,50,50,37.9,32,55,40,60,32,44.5,Construct an Explanations and Design Solutions,
25,97,100,100,94,86,86,54,88,88,25,20,92.9,75,80,82.1,82,90,75.9,88,83,80,85,24,77.2,Construct an Explanations and Design Solutions,
Class Average,71.3,73.7,68.4,73.7,62.8,50.6,49.3,59.2,62.4,31.8,29.8,59.3,55.1,62.9,63.6,58.0,59.9,49.4,53.9,64.2,65.9,65.6,26.8,58.7,,
,,,,,,,,,,,,,,,,,,,,,,,,Grade Average,,


,700,701,702,703,704,705,706,707,708,709,710,711,712,713,714,715,716,717,718,719,720,721,,,
Question,% Correct,% Correct,% Correct,% Correct,% Correct,% Correct,% Correct,% Correct,% Correct,% Correct,% Correct,% Correct,% Correct,% Correct,% Correct,% Correct,% Correct,% Correct,% Correct,% Correct,% Correct,% Correct,Per Question Average,,
1,3,3,0,12,30,18,21,24,11,9,15,39,18,24,30,7,0,7,33,14,13,14,15.7,,
2,52,27,31,42,57,36,46,43,29,46,29,30,57,38,56,37,44,38,33,28,33,39,39.6,,
3,28,57,19,50,47,36,33,48,54,28,43,61,68,48,59,13,22,55,44,59,46,32,43.2,,
4,62,50,54,54,37,50,46,14,39,37,0,39,43,48,44,63,59,17,33,52,46,14,41.0,,
5,59,53,42,50,23,46,58,29,39,37,15,17,36,10,30,57,41,21,19,28,29,32,35.0,,
6,45,40,42,27,40,27,25,24,54,27,15,30,43,38,26,57,37,21,22,35,29,18,32.8,,
7,38,60,65,54,60,55,54,52,43,64,57,52,46,52,33,53,59,45,52,45,50,50,51.8,,
8,45,53,39,31,50,27,42,33,46,18,15,30,46,33,59,67,41,35,41,38,33,29,38.7,,
9,28,27,31,27,27,23,17,38,18,18,15,17,21,38,18,33,26,10,33,7,33,36,24.6,,
10,76,53,69,65,73,46,17,38,46,37,43,44,43,52,44,73,52,41,19,55,29,39,47.9,,
11,3,33,8,27,33,27,13,14,18,28,29,9,18,5,4,10,4,17,19,21,21,11,16.9,,
12,28,30,31,23,37,27,25,29,32,18,29,39,25,19,33,43,33,24,22,17,42,18,28.4,,
13,72,43,69,46,37,27,25,52,21,28,15,39,39,57,70,73,48,17,11,24,13,32,39.0,,
14,90,53,85,50,63,46,29,43,50,37,57,70,64,52,56,63,70,59,41,69,29,36,55.1,,
15,14,33,12,19,30,14,33,14,18,55,43,22,11,24,11,17,26,28,26,38,17,32,24.4,,
16,69,60,65,69,63,36,63,43,50,73,71,61,71,38,59,70,78,66,30,45,54,50,58.3,,
17,59,43,58,46,40,32,54,33,50,46,43,65,43,52,67,57,41,31,33,59,33,32,46.2,,
18,28,47,39,23,23,18,25,38,21,9,29,22,29,24,26,47,30,14,19,21,25,36,27.0,,
19,45,40,62,42,37,36,25,24,29,37,29,22,32,29,33,40,37,17,22,31,25,36,33.2,,
20,28,40,39,27,53,27,21,38,36,28,15,57,36,48,44,43,26,31,22,38,21,21,33.6,,
21,83,57,81,47,67,36,42,19,50,46,0,74,50,43,63,73,74,31,56,55,50,29,51.2,,
22,45,43,35,39,20,23,13,24,29,37,43,39,29,19,26,37,30,41,19,21,13,25,29.6,,
23,76,33,46,31,27,18,29,57,32,37,43,17,54,24,40,63,52,21,41,24,21,18,36.5,,
24,55,50,50,39,23,5,25,14,36,18,15,13,29,24,26,30,41,24,11,35,21,18,27.4,,
25,93,63,85,77,70,32,21,43,61,9,15,70,43,43,48,80,70,35,22,41,42,25,49.4,,
Class Average,49.0,43.6,46.3,40.7,42.7,30.7,32.1,33.1,36.5,33.1,28.9,39.1,39.8,35.3,40.2,48.2,41.6,29.8,28.9,36.0,30.7,28.9,37.1,,
,,,,,,,,,,,,,,,,,,,,,,,Grade Average,,


,700,701,702,703,704,705,706,707,708,709,710,711,712,713,714,715,716,717,718,719,720,721,,,
Question,% Correct,% Correct,% Correct,% Correct,% Correct,% Correct,% Correct,% Correct,% Correct,% Correct,% Correct,% Correct,% Correct,% Correct,% Correct,% Correct,% Correct,% Correct,% Correct,% Correct,% Correct,% Correct,Per Question Average,,
1,0,57,4,65,23,20,25,26,12,46,34,30,10,26,25,3,4,28,32,68,,54,28.2,,
2,40,61,36,62,60,35,33,30,40,37,12,44,38,44,64,43,68,62,25,75,,75,46.9,,
3,13,61,8,69,67,70,50,44,64,46,34,52,59,52,61,20,16,59,54,75,,47,48.6,,
4,57,71,60,69,43,54,33,44,40,28,12,37,52,44,61,57,64,59,43,82,,68,51.3,,
5,50,61,52,73,47,39,21,48,24,0,23,48,38,37,54,37,40,48,43,82,,32,42.7,,
6,57,61,60,65,30,31,42,35,40,73,23,41,41,30,39,50,40,28,43,75,,47,45.3,,
7,63,68,80,69,67,46,50,70,56,46,67,70,59,52,64,73,64,66,50,75,,79,63.5,,
8,57,54,56,65,33,31,33,30,40,19,34,30,45,48,32,57,40,48,54,64,,57,44.1,,
9,33,79,28,62,27,19,21,30,36,10,34,15,17,19,25,50,20,31,36,68,,43,33.5,,
10,80,82,88,65,63,39,25,52,44,37,12,44,59,44,64,73,76,72,46,79,,72,57.9,,
11,10,72,12,65,20,12,13,48,16,28,45,44,52,30,43,7,4,17,43,61,,64,33.6,,
12,43,57,52,54,33,39,21,39,44,10,12,30,41,22,36,53,32,41,32,75,,36,38.2,,
13,67,75,80,77,37,42,25,39,40,46,23,33,45,37,68,77,60,35,21,75,,32,49.2,,
14,87,79,84,85,67,54,63,52,68,73,78,74,69,74,79,70,68,59,64,89,,75,72.0,,
15,23,54,8,58,13,19,25,26,24,28,34,11,17,37,32,17,8,17,36,46,,43,27.4,,
16,87,75,80,73,70,62,38,48,68,46,34,63,79,48,82,87,80,59,39,82,,54,64.5,,
17,50,64,64,65,63,62,33,48,52,46,56,48,41,33,54,63,52,59,61,64,,50,53.7,,
18,50,75,44,65,50,12,46,30,40,46,34,41,28,37,50,50,44,35,36,68,,57,44.7,,
19,63,64,48,69,50,42,33,48,56,19,23,45,38,33,61,53,32,35,54,61,,32,45.7,,
20,23,54,48,54,37,31,29,17,28,37,34,33,28,30,25,47,24,21,54,75,,36,36.4,,
21,90,68,84,62,57,50,50,57,68,64,34,44,62,70,75,90,80,62,43,71,,57,63.7,,
22,47,54,32,54,47,15,25,22,20,0,23,22,17,22,18,43,56,14,25,54,,29,30.4,,
23,60,36,48,69,10,31,21,26,20,19,12,19,24,15,57,57,24,7,29,68,,29,32.4,,
24,73,79,72,73,33,27,25,22,40,0,0,33,48,52,43,50,52,14,39,71,,54,42.9,,
25,87,75,92,73,70,39,42,48,60,19,12,56,76,52,71,90,76,48,22,86,,68,60.1,,
Class Average,52.4,65.4,52.8,66.4,44.7,36.8,32.9,39.2,41.6,32.9,29.6,40.3,43.3,39.5,51.3,52.7,45.0,41.0,41.0,71.6,,51.6,46.3,,
,,,,,,,,,,,,,,,,,,,,,,,Grade Average,,


,700,701,702,703,704,705,706,707,708,709,710,711,712,713,714,715,716,717,718,719,720,721,,,
Question,% Correct,% Correct,% Correct,% Correct,% Correct,% Correct,% Correct,% Correct,% Correct,% Correct,% Correct,% Correct,% Correct,% Correct,% Correct,% Correct,% Correct,% Correct,% Correct,% Correct,% Correct,% Correct,Per Question Average,,
1,18,70,37,65,25,29,29,19,36,23,50,28,15,31,45,46,48,28,67,57,32,92,40.4,,
2,39,68,37,79,50,42,33,44,27,45,38,31,50,35,52,55,26,21,54,57,37,97,46.2,,
3,89,84,93,68,79,63,48,48,73,45,50,66,77,59,69,91,65,48,54,82,53,92,68.0,,
4,57,90,41,72,61,54,38,48,55,67,50,48,77,35,59,34,48,28,71,72,47,100,56.9,,
5,68,78,44,86,57,33,29,37,27,34,25,31,42,24,45,46,48,24,75,75,32,92,47.8,,
6,57,70,85,82,46,33,24,22,36,78,13,45,46,48,52,64,44,45,67,72,32,92,52.4,,
7,86,87,85,86,61,71,48,63,46,45,88,52,65,41,69,100,91,72,84,82,47,96,71.2,,
8,50,80,33,79,50,46,33,41,41,34,38,48,39,41,48,82,65,27,63,57,47,87,51.3,,
9,57,67,30,72,36,13,24,22,36,34,50,38,31,41,21,55,30,28,38,57,37,83,40.9,,
10,89,97,74,93,79,42,57,63,77,23,25,62,81,52,76,91,70,52,59,72,53,100,67.6,,
11,7,74,11,93,57,33,38,26,46,23,50,45,73,41,59,9,17,59,54,57,21,87,44.5,,
12,64,70,52,86,29,38,33,22,36,0,38,38,50,35,45,55,26,41,42,72,16,87,44.3,,
13,82,77,82,90,32,46,29,37,54,34,13,35,54,41,62,91,61,31,34,50,32,79,52.1,,
14,100,97,89,93,75,71,62,52,82,100,100,76,81,69,79,82,83,86,71,82,79,100,82.2,,
15,21,74,30,72,29,8,24,15,23,67,50,28,31,24,56,27,13,24,59,64,32,87,39.0,,
16,86,80,82,90,75,54,52,63,55,67,50,62,65,48,72,100,74,55,59,72,47,96,68.4,,
17,57,64,74,72,60,42,43,52,64,67,50,35,54,45,55,55,48,69,71,72,63,92,59.2,,
18,64,80,56,72,39,21,19,56,27,45,38,48,42,24,45,91,48,35,67,82,47,83,51.3,,
19,64,77,82,65,39,33,29,37,59,45,38,52,58,41,59,73,35,66,38,68,26,92,53.4,,
20,32,70,33,75,36,33,29,26,32,12,13,21,46,24,24,27,35,52,38,57,21,87,37.4,,
21,93,87,89,82,82,46,38,56,73,89,88,55,81,48,83,91,83,72,67,68,26,92,72.2,,
22,54,84,26,61,36,29,29,30,14,12,13,17,23,21,38,46,30,24,54,61,42,83,37.6,,
23,64,70,44,65,18,25,24,22,5,34,0,24,42,21,38,82,39,21,67,68,21,74,39.5,,
24,86,84,82,79,39,38,53,30,50,67,100,45,58,48,66,73,74,52,50,61,42,79,61.6,,
25,100,90,93,82,75,63,33,59,46,34,25,48,81,48,76,82,91,52,50,75,48,87,65.4,,
Class Average,63.4,78.8,59.4,78.4,50.6,40.2,35.9,39.5,44.8,45.0,43.7,43.0,54.5,39.5,55.6,65.9,51.7,44.5,58.1,67.7,39.2,89.4,54.0,,
,,,,,,,,,,,,,,,,,,,,,,,Grade Average,,


,800,801,802,803,804,805,806,807,808,809,810,811,812,813,814,815,816,817,818,,,
Question,% Correct,% Correct,% Correct,% Correct,% Correct,% Correct,% Correct,% Correct,% Correct,% Correct,% Correct,% Correct,% Correct,% Correct,% Correct,% Correct,% Correct,% Correct,% Correct,Per Question Average,,
1,90,69,86,20.7,28.6,38.5,49,44,22.2,43,31,39,36,32,53,39,81,22,43,45.6,,
2,80,79,83,79.3,60.7,57.7,61,56,63,100,77,49,57,39,70,53,85,70,73,68.0,,
3,72,83,76,69.5,46.4,30.8,46,41,33,15,16,36,43,32,63,39,77,61,50,48.9,,
4,83,79,90,75.9,53.6,46.2,68,63,51.9,43,31,58,64,21,63,67,85,48,46,59.8,,
5,76,76,69,65.5,35.7,53.8,60,56,63,15,54,47,43,32,73,60,62,52,54,55.1,,
6,48,33,28,65.5,8,24,43,39,59.3,50,46,41,22,27,14,25,24,39,54,36.3,,
7,14,14,14,17.2,21.4,46.2,31,26,25.9,43,16,22,18,21,20,35,31,13,46,25.0,,
8,48,38,59,48.3,39.3,30.8,18,19,11.1,29,46,19,21,29,43,28,35,22,31,32.3,,
9,83,71,86,67.9,39.3,34.6,44,41,29.6,15,39,36,59,46,80,57,89,31,27,51.3,,
10,66,45,59,48.3,28.6,38.5,47,41,40.7,43,31,39,32,29,60,42,82,57,50,46.3,,
11,7,14,7,17.2,35.7,30.8,19,15,18.5,29,16,16,25,36,17,39,8,22,35,21.4,,
12,38,69,48,41.4,25,38.5,49,41,18.5,43,39,38,46,29,43,28,39,22,42,38.8,,
13,97,83,100,89.7,64.3,46.2,87,85,66.7,72,62,83,68,43,90,60,96,65,35,73.3,,
14,14,17,28,17.2,21.4,19.2,33,30,44.4,15,39,27,25,18,23,32,15,17,50,25.5,,
15,38,45,31,41.4,32.1,38.5,19,19,11.1,15,23,14,25,18,40,32,42,17,31,28.0,,
16,55,48,70,48.3,32.1,30.8,29,22,22.2,29,31,16,36,25,40,39,42,17,54,36.1,,
17,69,69,79,13.8,28.6,30.8,51,48,7.4,29,31,40,39,25,73,46,77,61,69,46.7,,
18,62,66,69,69,39.3,48,52,54,44.4,72,39,48,43,39,70,53,69,44,27,53.0,,
19,45,52,55,58.6,39.3,26.9,33,26,29.6,43,39,19,29,21,47,42,46,39,39,38.4,,
20,21,31,17,13.8,28.6,23.1,23,15,40.7,29,23,12,36,39,17,39,23,26,50,26.7,,
21,72,55,59,44.8,59.3,34.6,57,48,37,15,46,42,33,31,33,39,69,30,44,44.7,,
22,76,76,79,62.1,60.7,42.3,53,56,56.6,29,23,46,54,32,70,53,73,52,39,54.4,,
23,62,48,76,51.7,57.1,23.1,50,41,33.3,29,31,39,57,21,77,35,73,61,50,48.2,,
24,7,14,7,13.8,32.1,26.9,31,26,18.5,29,23,21,18,36,27,39,12,26,47,23.9,,
25,48,62,45,55.2,28.6,,52,48,,86,31,41,39,36,50,39,39,39,50,46.4,,
Class Average,54.8,53.4,56.8,47.8,37.8,35.9,44.2,40.0,35.4,38.4,35.3,35.5,38.7,30.3,50.2,42.4,55.0,38.1,45.4,43.0,,
,,,,,,,,,,,,,,,,,,,,Grade Average,,


,800,801,802,803,804,805,806,807,808,809,810,811,812,813,814,815,816,817,818,,,
Question,% Correct,% Correct,% Correct,% Correct,% Correct,% Correct,% Correct,% Correct,% Correct,% Correct,% Correct,% Correct,% Correct,% Correct,% Correct,% Correct,% Correct,% Correct,% Correct,Per Question Average,,
1,87,92,86,48,40,63,64,70,85,29,17,52,33,86,69,72,80,38,75,62.4,,
2,90,96,83,80,74,70,77,78,92,43,25,61,70,83,76,92,73,76,79,74.6,,
3,77,71,90,61,70,59,77,57,88,43,34,57,27,79,62,68,77,55,79,64.8,,
4,97,83,97,77,59,74,82,57,85,29,25,35,53,90,72,92,80,79,87,71.2,,
5,73,71,93,74,66,74,64,61,81,43,34,48,57,76,69,68,97,72,64,67.6,,
6,43,33,45,35,22,61,64,43,70,29,25,29,23,41,41,52,17,38,63,40.7,,
7,30,17,48,45,25,59,50,44,85,29,17,17,27,62,48,56,30,17,61,40.4,,
8,67,63,76,58,51,59,55,44,77,0,34,30,30,59,35,64,53,38,72,50.8,,
9,83,92,93,77,59,63,68,61,70,58,50,36,69,73,48,76,83,66,79,68.6,,
10,57,80,66,64,33,51,68,44,77,43,25,48,43,52,59,92,57,69,47,56.6,,
11,10,8,35,35,18,63,50,35,85,15,9,22,3,45,52,68,10,17,68,34.1,,
12,50,63,76,45,33,63,64,65,55,15,59,35,27,59,28,64,43,48,64,50.3,,
13,100,96,93,80,77,51,68,70,81,72,42,52,67,79,66,76,90,66,68,73.4,,
14,10,13,52,38,25,63,46,35,81,15,42,17,30,35,41,64,30,35,61,38.6,,
15,47,33,59,51,37,44,46,39,59,29,17,30,30,42,31,72,40,24,61,41.6,,
16,57,71,76,61,51,63,41,35,74,0,17,48,30,55,52,76,40,31,61,49.4,,
17,87,92,93,22,22,55,59,57,70,15,42,26,57,59,55,44,77,38,57,54.1,,
18,83,88,79,71,81,55,55,65,81,29,34,43,60,42,55,68,73,61,68,62.7,,
19,53,67,62,58,44,37,46,30,66,29,34,9,33,42,28,72,43,31,68,44.8,,
20,30,25,45,38,51,51,50,35,51,29,25,26,13,45,41,72,17,21,61,38.2,,
21,70,75,69,71,59,50,64,52,77,29,17,52,41,35,55,60,57,41,61,54.5,,
22,90,92,86,80,77,59,73,44,74,58,59,74,53,42,59,84,90,69,65,69.9,,
23,80,67,79,64,81,51,68,52,63,72,34,57,53,42,48,72,70,72,38,61.2,,
24,17,4,38,38,37,44,36,26,70,15,17,22,23,21,41,72,3,28,57,32.1,,
25,60,42,76,35,37,44,46,48,77,43,34,39,40,45,45,68,57,48,79,50.7,,
Class Average,61.9,61.4,71.8,56,49.2,57.0,59.2,49.9,75,32.4,30.7,38.6,39.7,55.6,51.0,70.6,55.5,47.1,65.7,54.1,,
,,,,,,,,,,,,,,,,,,,,Grade Average,,


,800,801,802,803,804,805,806,807,808,809,810,811,812,813,814,815,816,817,818,,,
Question,% Correct,% Correct,% Correct,% Correct,% Correct,% Correct,% Correct,% Correct,% Correct,% Correct,% Correct,% Correct,% Correct,% Correct,% Correct,% Correct,% Correct,% Correct,% Correct,Per Question Average,,
1,,,,,62,28,,,61,17,50,,,90,,,,,85,56.1,,
2,,,,,86,84,,,79,34,34,,,87,,,,,80,69.1,,
3,,,,,93,88,,,75,50,42,,,80,,,,,80,72.6,,
4,,,,,79,56,,,61,0,50,,,90,,,,,90,60.9,,
5,,,,,90,92,,,93,0,50,,,78,,,,,72,67.9,,
6,,,,,83,84,,,79,67,25,,,50,,,,,65,64.7,,
7,,,,,66,72,,,36,0,17,,,65,,,,,75,47.3,,
8,,,,,86,80,,,79,0,9,,,65,,,,,75,56.3,,
9,,,,,72,84,,,68,34,25,,,75,,,,,90,64.0,,
10,,,,,52,68,,,50,17,35,,,50,,,,,50,46.0,,
11,,,,,83,60,,,79,17,34,,,50,,,,,75,56.9,,
12,,,,,55,48,,,43,34,50,,,65,,,,,65,51.4,,
13,,,,,72,80,,,86,50,25,,,82,,,,,75,67.1,,
14,,,,,90,76,,,82,17,42,,,42,,,,,65,59.1,,
15,,,,,86,84,,,86,17,34,,,50,,,,,65,60.3,,
16,,,,,80,60,,,75,17,25,,,62,,,,,65,54.9,,
17,,,,,66,60,,,79,0,25,,,65,,,,,62,51.0,,
18,,,,,86,80,,,82,34,25,,,42,,,,,75,60.6,,
19,,,,,90,92,,,86,34,17,,,42,,,,,73,62.0,,
20,,,,,69,80,,,79,50,17,,,50,,,,,65,58.6,,
21,,,,,52,32,,,43,17,34,,,42,,,,,65,40.7,,
22,,,,,62,48,,,57,34,34,,,50,,,,,65,50.0,,
23,,,,,80,72,,,61,50,25,,,50,,,,,43,54.4,,
24,,,,,86,60,,,75,17,0,,,57,,,,,62,51.0,,
25,,,,,55,44,,,61,34,34,,,50,,,,,87,52.1,,
Class Average,,,,,75.2,68.5,,,70.2,25.6,30.3,,,61.2,,,,,70.8,51.6,,
,,,,,,,,,,,,,,,,,,,,Grade Average,,
